{
  "主界面": {
    "联合作战": {
      "x": 412.0,
      "y": 1098.0,
      "随机匹配": {
        "x": 885.0,
        "y": 1293.0,
        "color": "#d9924a"
      },
      "精力": {
        "x": 571.0,
        "y": 141.0,
        "免费精力": {
          "x": 449.0,
          "y": 699.0,
          "color": "#48a081"
        },
        "今天": {
          "x": 687.0,
          "y": 693.0,
          "color": "#e4c068"
        },
        "错过": {
          "x": 684.0,
          "y": 833.0,
          "color": "#e1984e",
          "确认": {
            "x": 538.0,
            "y": 884.0
          }
        },
        "取消": {
          "x": 776.0,
          "y": 374.0
        }
      },
      "模式": {
        "普通": {
          "x": 297.0,
          "y": 917.0
        },
        "困难": {
          "x": 430.0,
          "y": 920.0
        },
        "噩梦": {
          "x": 581.0,
          "y": 914.0
        },
        "炼狱": {
          "x": 729.0,
          "y": 918.0
        }
      }
    }
  },
  "战斗界面": {
    "80": {
      "x": 558.0,
      "y": 185.0,
      "color": "#bb4246"
    },
    "速度": {
      "x": 71.0,
      "y": 1100.0,
      "color": "#ebeef9",
      "tip": "将速度修改为两倍后点击2的白色部分，注意不要与1倍速的白色重复"
    },
    "BOSS挑战": {
      "x": 935.0,
      "y": 270.0,
      "color": "#ca3f43"
    },
    "祈愿": {
      "x": 760.0,
      "y": 1220.0,
      "精英": {
        "x": 312.0,
        "y": 1132.0
      },
      "稀有": {
        "x": 507.0,
        "y": 1132.0
      },
      "传说": {
        "x": 706.0,
        "y": 1132.0
      }
    },
    "英雄检查点": {
      "1": {
        "x": 174.0,
        "y": 132.0
      },
      "2": {
        "x": 211.0,
        "y": 148.66666666666666
      },
      "3": {
        "x": 248.0,
        "y": 165.33333333333334
      },
      "4": {
        "x": 285.0,
        "y": 182.0
      },
      "合法性检测": {
        "tip": "点击英雄后点击英雄面板深色部分，用于确认当前位置是否存在英雄",
        "x": 297.0,
        "y": 65.0,
        "color": "#28304a"
      }
    },
    "召唤": {
      "x": 391.0,
      "y": 1186.0
    },
    "神话召唤": {
      "1": {
        "x": 78.0,
        "y": 283.0,
        "color": "#f3db5c"
      },
      "2": {
        "x": 119.0,
        "y": 375.0,
        "color": "#f3db5c",
        "tip": "需要提前将圣使收藏，并点击圣使右上角的五角星中间的黄色部分"
      },
      "3": {
        "x": 82.0,
        "y": 546.0,
        "color": "#f3db5c"
      },
      "4": {
        "x": 73.0,
        "y": 659.0,
        "color": "#f3db5c"
      }
    },
    "格子": {
      "1-1": {
        "x": 187.375,
        "y": 741.0833333333334
      },
      "1-2": {
        "x": 311.125,
        "y": 741.0833333333334
      },
      "1-3": {
        "x": 434.875,
        "y": 741.0833333333334
      },
      "1-4": {
        "x": 558.625,
        "y": 741.0833333333334
      },
      "1-5": {
        "x": 682.375,
        "y": 741.0833333333334
      },
      "1-6": {
        "x": 806.125,
        "y": 741.0833333333334
      },
      "2-1": {
        "x": 187.375,
        "y": 867.25
      },
      "2-2": {
        "x": 311.125,
        "y": 867.25
      },
      "2-3": {
        "x": 434.875,
        "y": 867.25
      },
      "2-4": {
        "x": 558.625,
        "y": 867.25
      },
      "2-5": {
        "x": 682.375,
        "y": 867.25
      },
      "2-6": {
        "x": 806.125,
        "y": 867.25
      },
      "3-1": {
        "x": 187.375,
        "y": 993.4166666666667
      },
      "3-2": {
        "x": 311.125,
        "y": 993.4166666666667
      },
      "3-3": {
        "x": 434.875,
        "y": 993.4166666666667
      },
      "3-4": {
        "x": 558.625,
        "y": 993.4166666666667
      },
      "3-5": {
        "x": 682.375,
        "y": 993.4166666666667
      },
      "3-6": {
        "x": 806.125,
        "y": 993.4166666666667
      }
    },
    "强化": {
      "x": 510.0,
      "y": 1332.0,
      "精英、普通英雄强化": {
        "x": 247.0,
        "y": 1238.0
      },
      "稀有英雄强化": {
        "x": 419.0,
        "y": 1236.0
      },
      "神话、传说英雄强化": {
        "x": 626.0,
        "y": 1235.0
      },
      "召唤概率强化": {
        "x": 789.0,
        "y": 1239.0
      },
      "取消": {
        "x": 838.0,
        "y": 999.0
      }
    },
    "出售偏移": {
      "x偏移": 0,
      "y偏移": -95
    },
    "合成偏移": {
      "x偏移": 30.125,
      "y偏移": 40.58333333333326
    },
    "结束战斗": {
      "确认": {
        "x": 537.0,
        "y": 1258.0,
        "color": "#e1984e"
      },
      "标记": {
        "x": 531.0,
        "y": 160.0,
        "color": "#fddd63"
      }
    }
  }
}